,Model,Manufacturer,Base Clock(MHz),Turbo Clock(MHz),Cores,Threads,L2 Cache(KB),L3 Cache(KB),Process(nm),TDP(Watt),Days Old,3DMark06(score)
0,AMD Ryzen Threadripper PRO 7995WX,AMD,2500,5100,96,192,98304,393216,5,350,22,1000
1,AMD Ryzen Threadripper PRO 3995WX,AMD,2700,4200,64,128,32768,262144,7,280,1244,777
2,Intel Core i9-14900K,Intel,3200,6000,24,32,32768,36864,10,125,84,973
3,AMD Ryzen 9 7950X,AMD,4500,5700,16,32,16384,65536,0,170,410,985
4,Intel Core i9-13900K,Intel,3000,5800,24,32,32768,36864,10,125,446,944
5,AMD Ryzen 9 7950X3D,AMD,4200,5700,16,32,16384,131072,5,120,310,948
6,Intel Core i7-14700K,Intel,2500,5600,20,28,28672,33792,10,125,84,966
7,AMD Ryzen 9 7900X,AMD,4700,5600,12,24,12288,65536,5,170,440,996
8,Intel Core i7-13700K,Intel,3400,5400,16,24,24576,30720,10,125,469,848
9,AMD Ryzen Threadripper PRO 3975WX,AMD,3500,4200,32,64,16384,131072,7,280,1244,790
10,Intel Core i9-13980HX,Intel,1600,5600,24,32,32768,36864,10,55,370,923
11,Intel Core i9-13950HX,Intel,1600,5500,24,32,32768,36864,10,55,370,903
12,Intel Core i9-13900HX,Intel,1600,5400,24,32,32768,36864,10,55,370,842
13,AMD Ryzen 9 7900,AMD,3700,5400,12,24,12288,65536,5,65,360,909
14,Intel Core i9-12900K,Intel,3200,5200,16,24,14336,30720,10,125,795,876
15,Intel Core i5-14600K,Intel,3500,5300,14,20,20480,24576,10,125,84,845
16,AMD Ryzen 7 7700X,AMD,4500,5400,8,16,8192,32768,5,170,470,846
17,AMD Ryzen 7 7700,AMD,3800,5300,8,16,8192,32768,5,65,369,854
18,AMD Ryzen 9 5950X,AMD,3400,4900,16,32,8192,65536,7,105,1188,825
19,Intel Core i5-13600K,Intel,3500,5100,14,20,20480,24576,10,125,446,823
20,AMD Ryzen 7 7800X3D,AMD,4200,5000,8,16,1,98304,5,162,278,788
21,Intel Core i9-12900,Intel,2400,5100,16,24,14336,20480,10,65,735,815
22,Intel Core i7-13700,Intel,2100,5200,16,24,24576,30720,10,65,370,803
23,Intel Core i9-12900HX,Intel,1700,5000,16,24,14336,30720,10,55,609,825
24,AMD Ryzen Threadripper 2970WX,AMD,3000,4200,24,48,12288,65536,12,250,1898,514
25,Intel Core i7-13700HX,Intel,1500,5000,16,24,24576,30720,10,55,370,795
26,Intel Core i7-12700K,Intel,2700,5000,12,20,12288,25600,10,125,795,785
27,Intel Core i9-13900H,Intel,1900,5400,14,20,11776,24576,10,45,370,716
28,AMD Ryzen 9 5900X,AMD,3700,4800,12,24,6144,65536,7,105,1188,767
29,Intel Core i9-10980XE,Intel,3000,4600,18,36,18432,25395,14,165,1560,658
30,Intel Core i9-9980XE,Intel,3000,4400,18,36,18432,25395,14,165,1836,628
31,Intel Core i9-12900HK,Intel,1800,5000,14,20,11776,24576,10,45,735,782
32,Intel Core i9-12900H,Intel,1800,5000,14,20,11776,24576,10,45,735,595
33,Intel Core i7-13700H,Intel,1800,5000,14,20,11776,24576,10,45,370,719
34,Intel Core i5-13400F,Intel,2500,4600,10,16,9728,20480,10,65,370,651
35,Intel Core i5-13400,Intel,2500,4600,10,16,9728,20480,10,65,370,635
36,Intel Core i7-12700F,Intel,3300,4900,12,20,12288,25600,10,65,735,738
37,Intel Core i7-12700,Intel,3300,4900,12,20,12288,25600,10,65,735,718
38,Intel Core i5-12600K,Intel,2800,4900,10,16,9728,20480,10,125,795,733
39,AMD Ryzen 5 7600X,AMD,4700,5300,6,12,6144,32768,5,105,470,807
40,AMD Ryzen 5 7600,AMD,3800,5100,6,12,6144,32768,5,65,360,746
41,AMD Ryzen 9 7940HS,AMD,4000,5200,8,16,8192,16384,4,35,369,733
42,AMD Ryzen 7 7745HX,AMD,3600,5100,8,16,8192,32768,0,55,369,790
43,Intel Core i7-13650HX,Intel,1900,4900,14,20,0,24576,10,55,370,749
44,AMD Ryzen 7 7840HS,AMD,3800,5100,8,16,8192,16384,4,35,369,731
45,AMD Ryzen 7 7840S,AMD,3800,5100,8,16,8192,16384,4,35,369,678
46,AMD Ryzen 7 PRO 7840HS,AMD,3800,5100,8,16,8192,16384,4,35,210,688
47,Intel Core i5-13500HX,Intel,1800,4700,14,20,0,24576,10,55,370,680
48,AMD Ryzen 9 3900X,AMD,3800,4600,12,24,6144,65536,7,105,1647,694
49,Intel Core i7-13620H,Intel,1800,4900,10,16,9728,24576,10,45,370,635
50,Intel Core i7-12700H,Intel,1700,4700,14,20,11776,24576,10,45,735,654
51,AMD Ryzen 7 5800X3D,AMD,3400,4500,8,16,4096,98304,7,105,616,675
52,AMD Ryzen 7 5800X,AMD,3800,4700,8,16,4096,32768,7,105,1188,740
53,AMD Ryzen 9 6900HX,AMD,3300,4900,8,16,4096,16384,6,45,735,618
54,Intel Core i7-12650H,Intel,1700,4700,10,16,9728,24576,10,45,735,591
55,Intel Core i9-11900KB,Intel,3300,5300,8,16,10240,24576,10,65,939,697
56,AMD Ryzen 9 3900,AMD,3100,4300,12,24,6144,65536,7,65,1553,643
57,AMD Ryzen 7 5700X,AMD,3400,4600,8,16,4096,32768,7,65,645,693
58,Intel Core i7-11700K,Intel,3600,5000,8,16,4096,16384,14,125,984,765
59,AMD Ryzen 7 5700G,AMD,3800,4600,8,16,4096,16384,7,65,1001,667
60,AMD Ryzen 9 6900HS,AMD,3300,4900,8,16,4096,16384,6,35,735,662
61,AMD Ryzen 7 6800H,AMD,3200,4700,8,16,4096,16384,6,45,735,650
62,AMD Ryzen 7 PRO 6850H,AMD,3200,4700,8,16,4096,16384,6,45,629,540
63,AMD Ryzen Threadripper 2920X,AMD,3500,4300,12,24,6144,32768,12,180,1898,508
64,AMD Ryzen 9 5900HX,AMD,3300,4600,8,16,4096,16384,7,45,1097,664
65,Intel Core i7-11700,Intel,2500,4900,8,16,4096,16384,14,65,784,687
66,Intel Core i5-13500H,Intel,1900,4700,12,16,10240,18432,10,45,370,685
67,Intel Core i5-12500H,Intel,1800,4500,12,16,10240,18432,10,45,735,611
68,Intel Core i7-1360P,Intel,1600,5000,12,16,10240,18432,10,28,370,595
69,Intel Core i7-1280P,Intel,1300,4800,14,20,11776,24576,10,28,735,302
70,AMD Ryzen 7 7735HS,AMD,3200,4750,8,16,4096,16384,6,35,369,624
71,AMD Ryzen 7 7735H,AMD,3200,4750,8,16,4096,16384,6,35,369,601
72,AMD Ryzen 7 6800HS,AMD,3200,4700,8,16,4096,16384,6,35,735,647
73,AMD Ryzen 7 3700X,AMD,3600,4400,8,16,4096,32768,7,65,1647,643
74,Intel Core i9-9900KS,Intel,4000,5000,8,16,2048,16384,14,127,1532,694
75,AMD Ryzen 5 PRO 7640HS,AMD,4300,5000,6,12,6144,16384,4,54,369,602
76,AMD Ryzen 7 7840U,AMD,3300,5100,8,16,8192,16384,4,28,251,606
77,Intel Core i9-9900K,Intel,3600,5000,8,16,2048,16384,14,95,1919,665
78,AMD Ryzen 5 5600X,AMD,3700,4600,6,12,3072,32768,7,65,1188,679
79,Intel Core i5-11600K,Intel,3900,4900,6,12,3072,12288,14,125,1015,676
80,Intel Core i7-11800H,Intel,2300,4600,8,16,10240,24576,10,45,973,622
81,Intel Core i7-1355U,Intel,1200,5000,10,12,9728,12288,10,15,735,469
82,AMD Ryzen 7 7735U,AMD,2700,4750,8,16,4096,16384,6,28,369,482
83,AMD Ryzen 7 5800H,AMD,3200,4400,8,16,4096,16384,7,45,1097,595
84,AMD Ryzen 7 PRO 6850U,AMD,2700,4700,8,16,4096,16384,6,28,629,531
85,Intel Core i9-7900X,Intel,3300,4500,10,20,10240,14131,14,140,2415,590
86,AMD Ryzen 5 7535HS,AMD,3300,4550,6,12,3072,16384,6,35,369,569
87,Intel Core i9-10980HK,Intel,2400,5300,8,16,2048,16384,14,45,1377,641
88,AMD Ryzen 9 4900HS,AMD,3000,4300,8,16,4096,8192,7,35,1403,579
89,Intel Xeon W-10885M,Intel,2400,5300,8,16,2048,16384,14,45,1336,628
90,Intel Core i9-10885H,Intel,2400,5300,8,16,2048,16384,14,45,1377,562
91,AMD Ryzen 7 6800U,AMD,2700,4700,8,16,4096,16384,6,28,735,462
92,AMD Ryzen 5 5600G,AMD,3900,4400,6,12,3072,16384,7,65,1001,600
93,Intel Core i7-1265U,Intel,1300,4800,10,12,9728,12288,10,15,735,436
94,Intel Core i7-1260P,Intel,1500,4700,12,16,10240,18432,10,28,735,603
95,AMD Ryzen 7 PRO 7730U,AMD,2000,4500,8,16,4096,16384,7,15,735,405
96,AMD Ryzen 7 5825U,AMD,2000,4500,8,16,4096,16384,7,15,735,524
97,AMD Ryzen 5 5600H,AMD,3300,4200,6,12,3072,16384,7,45,1097,558
98,AMD Ryzen 7 PRO 5850U,AMD,1900,4400,8,16,4096,16384,7,15,1097,541
99,AMD Ryzen 7 4800H,AMD,2900,4200,8,16,4096,8192,7,45,1463,590
100,Intel Core i7-10875H,Intel,2300,5100,8,16,2048,16384,14,45,1377,602
101,Intel Core i9-9980HK,Intel,2400,5000,8,16,2048,16384,14,45,1715,615
102,Intel Core i7-9700K,Intel,3600,4900,8,8,2048,12288,14,95,1919,601
103,Intel Core i5-12450H,Intel,1500,4400,8,12,8192,12288,10,45,735,531
104,Intel Core i5-12400F,Intel,2500,4400,6,12,7680,18329,10,65,735,553
105,Intel Core i5-11400F,Intel,2600,4400,6,12,3072,12288,14,65,965,622
106,AMD Ryzen 7 4800HS,AMD,2900,4200,8,16,4096,8192,7,35,1463,595
107,Intel Core i9-9880H,Intel,2300,4800,8,16,2048,16384,14,45,1715,568
108,Intel Core i7-8086K,Intel,3700,5000,6,12,1536,12288,14,95,2048,521
109,Intel Core i7-8700K,Intel,3700,4700,6,12,1536,12288,14,95,2560,544
110,AMD Ryzen 7 2700X,AMD,3700,4300,8,16,4096,16384,12,105,2098,494
111,Intel Core i5-11400H,Intel,2700,4500,6,12,7680,12288,10,45,973,560
112,Intel Core i7-6950X,Intel,3000,3500,10,20,2560,25600,14,120,2861,494
113,AMD Ryzen 7 5700U,AMD,1800,4300,8,16,4096,8192,7,25,1097,542
114,Intel Xeon E-2176G,Intel,3700,4700,6,12,1536,12288,14,80,1956,544
115,Intel Core i9-8950HK,Intel,2900,4800,6,12,1536,12288,14,45,2138,513
116,Intel Core i7-10850H,Intel,2700,5100,6,12,1536,12288,14,45,1377,438
117,Intel Core i7-10750H,Intel,2600,5000,6,12,1536,12288,14,45,1377,525
118,Intel Core i5-1340P,Intel,1400,4600,12,16,9216,12288,10,28,735,536
119,AMD Ryzen 7 4800U,AMD,1800,4200,8,16,4096,8192,7,15,1463,474
120,Intel Core i7-8700,Intel,3200,4600,6,12,1536,12288,14,65,2560,520
121,Intel Core i5-10500H,Intel,2500,4500,6,12,0,12288,14,45,1377,518
122,Intel Core i5-9600K,Intel,3700,4600,6,6,1536,9216,14,95,1919,509
123,Intel Core i7-9850H,Intel,2600,4600,6,12,1536,12288,14,45,1715,466
124,Intel Core i7-9750H,Intel,2600,4500,6,12,0,12288,14,45,1715,501
125,Intel Core i9-9900T,Intel,2100,4400,8,16,2048,16384,14,35,1919,475
126,AMD Ryzen 7 2700,AMD,3200,4100,8,16,4096,16384,12,65,2098,438
127,AMD Ryzen 7 1800X,AMD,3600,4000,8,16,4096,16384,14,95,2504,444
128,AMD Ryzen 7 1700X,AMD,3400,3800,8,16,4096,16384,14,95,2504,420
129,Intel Xeon E5-2680 v4,Intel,2400,3300,14,28,3584,35840,14,120,2861,382
130,Intel Xeon E5-2697 v2,Intel,2700,3500,12,24,3072,30720,22,130,3773,409
131,Intel Xeon E-2176M,Intel,2700,4400,6,12,1536,12288,14,45,2140,452
132,Intel Core i7-11390H,Intel,3400,5000,4,8,5120,12288,10,35,860,470
133,AMD Ryzen 7 PRO 4750U,AMD,1700,4100,8,16,4096,8192,7,15,1342,511
134,Intel Core i7-1195G7,Intel,2900,5000,4,8,5120,12288,10,28,954,463
135,Intel Core i7-11370H,Intel,3300,4800,4,8,5120,12288,10,35,1093,464
136,Intel Core i5-1250P,Intel,1200,4400,12,16,10240,12288,10,28,735,550
137,AMD Ryzen 5 PRO 6650U,AMD,2900,4500,6,12,3072,16384,6,28,629,526
138,AMD Ryzen 5 6600U,AMD,2900,4500,6,12,3072,16384,6,28,735,459
139,Intel Core i5-1245U,Intel,1200,4400,10,12,9728,12288,10,15,735,565
140,Intel Core i5-1335U,Intel,900,4600,10,12,9728,12288,10,15,735,571
141,Intel Core i7-1185G7,Intel,3000,4800,4,8,5120,12288,10,28,1224,421
142,Intel Core i7-7740X,Intel,4300,4500,4,8,1024,8192,14,112,2415,475
143,Intel Core i7-8850H,Intel,2600,4300,6,12,1536,9216,14,45,2138,488
144,Intel Core i5-8600K,Intel,3600,4300,6,6,1536,9216,14,95,2560,420
145,Intel Core i7-7700K,Intel,4200,4500,4,8,1024,8192,14,91,2562,471
146,Intel Core i5-8500,Intel,3000,4100,6,6,1536,9216,14,65,2108,459
147,Intel Core i7-8750H,Intel,2200,4100,6,12,1536,9216,14,45,2138,477
148,AMD Ryzen 7 4700U,AMD,2000,4100,8,8,4096,8192,7,15,1463,399
149,Intel Core i7-1165G7,Intel,2800,4700,4,8,5120,12288,10,28,1225,343
150,Intel Core i7-10810U,Intel,1100,4900,6,12,1024,12288,14,15,1336,314
151,Intel Core i7-10710U,Intel,1100,4700,6,12,1024,12288,14,15,1591,485
152,Intel Core i7-5960X,Intel,3000,3500,8,16,2048,20480,22,140,3417,460
153,AMD Ryzen 7 1700,AMD,3000,3700,8,16,4096,16384,14,65,2504,385
154,Intel Core i5-8400,Intel,2800,4000,6,6,1536,9216,14,65,2560,438
155,AMD Ryzen 5 5625U,AMD,2300,4300,6,12,3072,16384,7,15,735,531
156,AMD Ryzen 5 5600U,AMD,2300,4200,6,12,3072,16384,7,25,1097,525
157,AMD Ryzen 5 PRO 5650U,AMD,2300,4200,6,12,3072,16384,7,15,1097,516
158,AMD Ryzen 5 2600,AMD,3400,3900,6,12,3072,16384,12,65,2097,430
159,Intel Core i5-11400T,Intel,1300,3700,6,12,3072,12288,14,35,1029,334
160,AMD Ryzen 5 5500U,AMD,2100,4000,6,12,3072,8192,7,25,1097,425
161,AMD Ryzen 5 PRO 4650U,AMD,2100,4000,6,12,3072,8192,7,15,1342,472
162,Intel Core i5-11320H,Intel,3200,4500,4,8,5120,8192,10,35,860,505
163,Intel Core i5-11300H,Intel,3100,4400,4,8,5120,8192,10,35,1093,475
164,Intel Core i5-1230U,Intel,700,4400,10,12,9728,12288,10,9,735,305
165,Intel Core i5-10400H,Intel,2600,4600,4,8,1024,8192,14,45,1377,443
166,Intel Core i3-10320,Intel,3800,4600,4,8,1024,8089,14,65,1329,459
167,Intel Core i7-4960X,Intel,3600,4000,6,12,1536,15360,22,130,3780,404
168,Intel Core i5-1145G7,Intel,2600,4400,4,8,5120,8192,10,28,1225,412
169,Intel Core i7-6700K,Intel,4000,4200,4,8,1024,8192,14,91,3079,418
170,Intel Xeon E5-2680,Intel,2700,3500,8,16,2048,20480,32,130,4326,365
171,Intel Core i7-3960X,Intel,3300,3900,6,12,1536,15360,32,130,4439,384
172,Intel Core i5-1135G7,Intel,2400,4200,4,8,5120,8192,10,28,1225,382
173,Intel Core i5-10300H,Intel,2500,4500,4,8,1024,8192,14,45,1377,451
174,AMD Ryzen 5 4500U,AMD,2300,4000,6,6,3072,8192,7,15,1463,413
175,Intel Core i7-8809G,Intel,3100,4200,4,8,1024,8192,14,100,2190,408
176,Intel Core i7-4790K,Intel,4000,4400,4,8,1024,8192,22,88,3874,439
177,Intel Core i5-8500T,Intel,2100,3500,6,6,1536,9216,14,35,2048,372
178,AMD Ryzen 5 1600,AMD,3200,3600,6,12,3072,16384,14,65,2464,380
179,Intel Xeon E3-1280 v5,Intel,3700,4000,4,8,1024,8192,14,80,3079,391
180,Intel Core i7-6700,Intel,3400,4000,4,8,1024,8192,14,65,3079,391
181,Intel Xeon E3-1535M v6,Intel,3100,4200,4,8,1024,8192,14,45,2562,380
182,Intel Core i5-1038NG7,Intel,2000,3800,4,8,2048,6144,10,28,1345,362
183,Intel Core i5-9300H,Intel,2400,4100,4,8,1024,8192,14,45,1715,374
184,Intel Core i7-7700T,Intel,2900,3800,4,8,1024,8192,14,35,2562,382
185,Intel Core i5-7600K,Intel,3800,4200,4,4,1024,8192,14,91,2562,394
186,Intel Core i7-8559U,Intel,2700,4500,4,8,1024,8192,14,28,2107,384
187,Intel Core i7-5775C,Intel,3300,3700,4,8,1024,6144,14,65,3143,366
188,Intel Core i7-4770K,Intel,3500,3900,4,8,1024,8192,22,84,3874,370
189,Intel Xeon E3-1505M v6,Intel,3000,4000,4,8,1024,8192,14,45,2562,355
190,AMD Ryzen 5 1500X,AMD,3500,3700,4,8,2048,16384,14,65,2464,341
191,Intel Core i7-4940MX,Intel,3100,4000,4,8,1024,8192,22,57,3642,354
192,Intel Core i7-7820HQ,Intel,2900,3900,4,8,1024,8192,14,45,2562,354
193,Intel Core i7-7820HK,Intel,2900,3900,4,8,1024,8192,14,45,2562,371
194,Intel Core i7-6920HQ,Intel,2900,3800,4,8,1024,8192,14,45,3052,360
195,Intel Core i7-990X EE,Intel,3467,3733,6,12,1536,12288,32,130,5052,324
196,Intel Core i7-980X EE,Intel,3333,3600,6,12,1536,12288,32,130,5052,327
197,Intel Core i7-4930MX,Intel,3000,3900,4,8,1024,8192,22,57,3874,343
198,Intel Xeon E3-1535M v5,Intel,2900,3800,4,8,1024,8192,14,45,3052,332
199,AMD Ryzen 5 2400G,AMD,3600,3900,4,8,2048,4096,14,65,2190,306
200,Intel Core i7-7700HQ,Intel,2800,3800,4,8,1024,6144,14,45,2562,354
201,Intel Core i5-8305G,Intel,2800,3800,4,8,1024,6144,14,65,2193,357
202,Intel Core i5-7500,Intel,3400,3800,4,4,1024,6144,14,65,2562,333
203,Intel Xeon E3-1505M v5,Intel,2800,3700,4,8,1024,8192,14,45,3052,323
204,Intel Core i5-8279U,Intel,2400,4100,4,8,1024,6144,14,28,1742,408
205,Intel Core i7-4980HQ,Intel,2800,4000,4,8,1024,6144,22,47,3459,350
206,Intel Core i7-4910MQ,Intel,2900,3900,4,8,1024,8192,22,47,3642,325
207,Intel Xeon E3-1230 v3,Intel,3300,3700,4,8,1024,8192,22,80,3874,369
208,Intel Core i5-6600K,Intel,3500,3900,4,4,1024,6144,14,91,3079,341
209,Intel Core i7-3770K,Intel,3500,3900,4,8,1024,8192,22,77,4293,332
210,Intel Core i7-3940XM,Intel,3000,3900,4,8,1024,8192,22,55,4118,330
211,Intel Core i7-5700HQ,Intel,2700,3500,4,8,1024,6144,14,47,3143,353
212,Intel Core i7-6820HK,Intel,2700,3600,4,8,1024,8192,14,45,3052,341
213,Intel Core i7-6820HQ,Intel,2700,3600,4,8,1024,8192,14,45,3052,315
214,Intel Core i7-6700T,Intel,2800,3600,4,8,1024,6144,14,35,3052,334
215,Intel Core i7-1065G7,Intel,1300,3900,4,8,2048,8192,10,15,1686,426
216,AMD Ryzen 5 1400,AMD,3200,3400,4,8,2048,8192,14,65,2464,295
217,Intel Core i5-8259U,Intel,2300,3800,4,8,1024,6144,14,28,2107,365
218,Intel Core i7-4900MQ,Intel,2800,3800,4,8,1024,8192,22,47,3874,330
219,Intel Core i7-10610U,Intel,1800,4900,4,8,1024,8192,14,15,1336,377
220,Intel Core i7-10510U,Intel,1800,4900,4,8,1024,8192,14,15,1591,280
221,Intel Core i7-6700HQ,Intel,2600,3500,4,8,1024,6144,14,45,3052,326
222,Intel Core i7-4810MQ,Intel,2800,3800,4,8,1024,6144,22,47,3642,324
223,Intel Core i7-4870HQ,Intel,2500,3700,4,8,1024,6144,22,47,3459,304
224,AMD Ryzen 3 1300X,AMD,3500,3700,4,4,2048,8192,14,65,2356,289
225,Intel Core i5-1035G7,Intel,1200,3700,4,8,2048,6144,10,15,1686,404
226,Intel Core i5-1035G4,Intel,1100,3700,4,8,2048,6144,10,15,1686,342
227,AMD Ryzen 7 3750H,AMD,2300,4000,4,8,2048,4096,12,35,1829,342
228,Qualcomm Snapdragon 8cx Gen 3,Qualcomm,2400,2995,8,8,6144,8192,5,7,768,174
229,AMD Ryzen 7 3700U,AMD,2300,4000,4,8,2048,4096,12,15,1829,208
230,Intel Core i7-8665U,Intel,1900,4800,4,8,1024,8192,14,15,1729,292
231,Intel Core i7-8650U,Intel,1900,4200,4,8,1024,8192,14,15,2332,319
232,Intel Core i5-10210U,Intel,1600,4200,4,8,1024,6144,14,15,1591,292
233,Intel Core i7-3920XM,Intel,2900,3800,4,8,1024,8192,22,55,4278,320
234,Intel Core i7-4800MQ,Intel,2700,3700,4,8,1024,6144,22,47,3874,334
235,Intel Core i7-2700K,Intel,3500,3900,4,8,1024,8192,32,95,4437,314
236,Intel Core i7-4720HQ,Intel,2600,3600,4,8,1024,6144,22,47,3295,318
237,Intel Core i7-3840QM,Intel,2800,3800,4,8,1024,8192,22,45,4118,322
238,Intel Core i7-4710HQ,Intel,2500,3500,4,8,1024,6144,22,47,3557,321
239,Intel Core i7-4710MQ,Intel,2500,3500,4,8,1024,6144,22,47,3557,314
240,Intel Core i7-8565U,Intel,1800,4600,4,8,1024,8192,14,15,1967,282
241,Intel Core i7-3820QM,Intel,2700,3700,4,8,1024,8192,22,45,4278,315
242,Intel Core i7-2600K,Intel,3400,3800,4,8,1024,8192,32,95,4754,306
243,Intel Core i5-8365U,Intel,1600,4100,4,8,1024,6144,14,15,1729,290
244,Intel Core i7-3740QM,Intel,2700,3700,4,8,1024,6144,22,45,4118,314
245,Intel Xeon X5670,Intel,2933,3333,6,12,1536,12288,32,95,5052,265
246,Intel Core i7-3720QM,Intel,2600,3600,4,8,1024,6144,22,45,4278,305
247,Intel Core i7-4700HQ,Intel,2400,3400,4,8,1024,6144,22,47,3874,310
248,Intel Core i7-4700MQ,Intel,2400,3400,4,8,1024,6144,22,47,3874,316
249,Intel Core i5-8265U,Intel,1600,3900,4,8,1024,6144,14,15,1967,289
250,Intel Core i5-1140G7,Intel,1800,4200,4,8,5120,8192,10,15,1224,346
251,Intel Core i7-2960XM,Intel,2700,3700,4,8,1024,8192,32,55,4511,313
252,AMD Ryzen 5 3550H,AMD,2100,3700,4,8,2048,4096,12,35,1829,330
253,AMD Ryzen 7 2700U,AMD,2200,3800,4,8,2048,4096,14,15,2190,278
254,AMD Ryzen 3 5300U,AMD,2600,3800,4,8,2048,4096,7,25,1097,366
255,AMD Ryzen 3 2200G,AMD,3500,3700,4,4,2048,4096,14,65,2193,305
256,AMD Ryzen 5 3500U,AMD,2100,3700,4,8,2048,4096,12,15,1829,272
257,Intel Core i5-1130G7,Intel,1800,4000,4,8,5120,8192,10,15,1224,254
258,AMD Ryzen 3 4300U,AMD,2700,3700,4,4,2048,4096,7,15,1463,278
259,AMD Ryzen 5 3580U,AMD,2100,3700,4,8,2048,4096,12,15,1829,253
260,Intel Core i5-3570K,Intel,3400,3800,4,4,1024,6144,22,77,4293,301
261,Intel Core i5-6500,Intel,3200,3600,4,4,1024,6144,14,65,3079,305
262,Intel Core i7-8550U,Intel,1800,4000,4,8,1024,8192,14,15,2332,267
263,Intel Core i5-1030NG7,Intel,1100,3500,4,8,2048,6144,10,10,1390,172
264,Intel Core i3-1115G4,Intel,3000,4100,2,4,2560,6144,10,28,1225,290
265,Intel Core i7-7660U,Intel,2500,4000,2,4,512,4096,14,15,2562,238
266,Intel Core i3-1005G1,Intel,1200,3400,2,4,1024,4096,10,15,1686,251
267,Intel Core i7-7600U,Intel,2800,3900,2,4,512,4096,14,15,2562,214
268,Intel Core i7-4750HQ,Intel,2000,3200,4,8,1024,6144,22,47,3874,295
269,Intel Core i7-3635QM,Intel,2400,3400,4,8,1024,6144,22,45,4118,298
270,Intel Core i7-3630QM,Intel,2400,3400,4,8,1024,6144,22,45,4118,293
271,Intel Core i5-3550,Intel,3300,3700,4,4,1024,6144,22,77,4278,294
272,Intel Core i7-4702HQ,Intel,2200,3200,4,8,1024,6144,22,37,3871,272
273,Intel Core i7-4702MQ,Intel,2200,3200,4,8,1024,6144,22,37,3874,288
274,Intel Core i7-2860QM,Intel,2500,3600,4,8,1024,8192,32,45,4754,290
275,Intel Core i7-2920XM,Intel,2500,3500,4,8,1024,8192,32,55,4751,281
276,Intel Core i5-3470,Intel,3200,3600,4,4,1024,6144,22,77,4293,283
277,Intel Core i7-3615QM,Intel,2300,3300,4,8,1024,6144,22,45,4278,254
278,Intel Core i7-3610QM,Intel,2300,3300,4,8,1024,6144,22,45,4278,278
279,AMD FX-8350,AMD,4000,4200,8,8,8192,8192,32,125,4095,305
280,Intel Core i7-975,Intel,3333,3600,4,8,1024,8192,45,130,5335,267
281,Intel Core i5-2500K,Intel,3300,3700,4,4,1024,6144,32,95,4754,268
282,Intel Core i5-6600T,Intel,2700,3500,4,4,1024,6144,14,35,3079,287
283,Intel Core i5-7300HQ,Intel,2500,3500,4,4,1024,6144,14,45,2562,288
284,Intel Core i5-6440HQ,Intel,2600,3500,4,4,1024,6144,14,45,3052,274
285,Intel Core i5-4460,Intel,3200,3400,4,4,1024,6144,22,84,3509,291
286,Intel Core i7-3632QM,Intel,2200,3200,4,8,1024,6144,22,35,4118,259
287,Intel Core i5-6300HQ,Intel,2300,3200,4,4,1024,6144,14,45,3052,263
288,Intel Core i5-8350U,Intel,1700,3600,4,8,1024,6144,14,15,2332,271
289,AMD Ryzen 3 1200,AMD,3100,3400,4,4,2048,8192,14,65,2356,247
290,Intel Core i5-8250U,Intel,1600,3400,4,8,1024,6144,14,15,2332,291
291,AMD Ryzen 5 2500U,AMD,2000,3600,4,8,2048,4096,14,15,2190,219
292,AMD Ryzen 5 PRO 2500U,AMD,2000,3600,4,8,2048,4096,14,15,2190,257
293,Intel Core i7-2760QM,Intel,2400,3500,4,8,1024,6144,32,45,4511,274
294,Intel Core i3-1110G4,Intel,2500,3900,2,4,2560,6144,10,15,1224,228
295,Intel Processor N200,Intel,1000,3700,4,4,0,6144,10,6,371,175
296,Intel Core i5-6500T,Intel,2500,3100,4,4,1024,6144,14,35,3079,267
297,Intel Core i5-2400,Intel,3100,3400,4,4,1024,6144,32,95,4754,261
298,Intel Core i7-960,Intel,3200,3466,4,8,1024,8192,45,130,5335,244
299,Intel Core i7-950,Intel,3060,3333,4,8,1024,8192,45,130,5335,234
300,Intel Core i7-2820QM,Intel,2300,3400,4,8,1024,8192,32,45,4754,266
301,Intel Core i7-3612QM,Intel,2100,3100,4,8,1024,6144,22,35,4278,249
302,Intel Core i7-2720QM,Intel,2200,3300,4,8,1024,6144,32,45,4751,256
303,Intel Core i7-2670QM,Intel,2200,3100,4,8,1024,6144,32,45,4451,246
304,Intel Core i5-6400T,Intel,2200,2800,4,4,1024,6144,14,35,3079,235
305,Intel Core i5-7267U,Intel,3100,3500,2,4,512,4096,14,28,2562,198
306,Intel Core i7-6567U,Intel,3300,3600,2,4,512,4096,14,28,3052,218
307,Intel Core i3-8145U,Intel,2100,3900,2,4,1024,4096,14,15,1967,235
308,AMD Ryzen 3 3300U,AMD,2100,3500,4,4,2048,4096,12,15,1829,196
309,Intel Processor N95,Intel,0,3400,4,4,0,6144,10,15,371,272
310,Intel Processor N100,Intel,1000,3400,4,4,0,6144,10,6,371,295
311,Intel Core i7-7500U,Intel,2700,3500,2,4,512,4096,14,15,2688,207
312,Intel Core i5-7300U,Intel,2600,3500,2,4,512,3072,14,15,2562,203
313,Intel Core i3-8130U,Intel,2200,3400,2,4,1024,4096,14,15,2154,214
314,Intel Core i3-1000NG4,Intel,1100,3200,2,4,1024,4096,10,9,1390,140
315,Intel Core i7-940,Intel,2930,3200,4,8,1024,8192,45,130,5639,230
316,Intel Core i7-920,Intel,2660,2930,4,8,1024,8192,45,130,5639,214
317,Intel Core i7-2635QM,Intel,2000,2900,4,8,1024,6144,32,45,4751,223
318,Intel Core i7-2630QM,Intel,2000,2900,4,8,1024,6144,32,45,4754,229
319,Intel Core i5-750,Intel,2660,3200,4,4,1024,8192,45,95,5221,195
320,Intel Core i7-5557U,Intel,3100,3400,2,4,512,4096,14,28,3290,208
321,Intel Core i7-940XM,Intel,2130,3333,4,8,1024,8192,45,55,4970,183
322,Intel Core i5-6267U,Intel,2900,3300,2,4,512,4096,14,28,3052,200
323,Intel Core i5-4210H,Intel,2900,3500,2,4,512,3072,22,47,3459,202
324,Intel Core 2 Extreme (Desktop) QX6850,Intel,3000,0,4,4,8192,0,65,130,6021,201
325,Intel Core i7-920XM,Intel,2000,3200,4,8,1024,8192,45,55,5221,171
326,Intel Core i5-4330M,Intel,2800,3500,2,4,512,3072,22,37,3871,197
327,Intel Core i7-3540M,Intel,3000,3700,2,4,512,4096,22,35,4025,195
328,Intel Core i5-4200H,Intel,2800,3400,2,4,512,3072,22,47,3752,197
329,Intel Core i7-4558U,Intel,2800,3300,2,4,512,4096,22,28,3871,193
330,Intel Core i3-8121U,Intel,2200,3100,2,4,512,4096,10,15,2064,195
331,Intel Core i5-5257U,Intel,2700,3100,2,4,512,3072,14,28,3290,189
332,AMD A10-6800K,AMD,4100,4400,4,4,4096,0,32,100,3871,222
333,Intel Core 2 Quad (Desktop) Q9550,Intel,2830,0,4,4,12288,0,45,95,5852,191
334,AMD A10-7850K,AMD,3700,4000,4,4,4096,0,28,95,3647,215
335,Intel Core i7-6600U,Intel,2600,3400,2,4,512,4096,14,15,3052,196
336,Intel Core i5-7200U,Intel,2500,3100,2,4,512,3072,14,15,2688,196
337,Intel Core i5-4300M,Intel,2600,3300,2,4,512,3072,22,37,3871,187
338,Intel Core i3-7100H,Intel,3000,0,2,4,512,3072,14,35,2562,191
339,Intel Core i7-3520M,Intel,2900,3600,2,4,512,4096,22,35,4237,186
340,Intel Core i7-6500U,Intel,2500,3100,2,4,512,4096,14,15,3052,191
341,Intel Core i7-5600U,Intel,2600,3200,2,4,512,4096,14,15,3291,172
342,Intel Core i7-5650U,Intel,2200,3200,2,4,512,4096,14,15,3291,179
343,Intel Core i5-6360U,Intel,2000,3100,2,4,512,4096,14,15,3052,185
344,Intel Core i5-4210M,Intel,2600,3200,2,4,512,3072,22,37,3557,179
345,Intel Core i5-6300U,Intel,2400,3000,2,4,512,3072,14,15,3052,182
346,Intel Core i5-3360M,Intel,2800,3500,2,4,512,3072,22,35,4237,180
347,AMD A10-7700K,AMD,3400,3800,4,4,4096,0,28,95,3647,204
348,AMD A8-7650K,AMD,3300,3800,4,4,4096,0,28,95,3647,199
349,Intel Core i3-3220,Intel,3300,0,2,4,0,3072,22,55,4293,181
350,Intel Core i5-4200M,Intel,2500,3100,2,4,512,3072,22,37,3871,175
351,Intel Core i7-2640M,Intel,2800,3500,2,4,512,4096,32,35,4510,177
352,Intel Core i7-5500U,Intel,2400,3000,2,4,512,4096,14,15,3291,172
353,Intel Core i5-6260U,Intel,1800,2900,2,4,512,4096,14,15,3052,175
354,Intel Core i5-3320M,Intel,2600,3300,2,4,512,3072,22,35,4237,169
355,Intel Core i5-4258U,Intel,2400,2900,2,4,512,3072,22,28,3871,174
356,AMD A8-6600K,AMD,3900,4200,4,4,4096,0,32,100,3871,213
357,AMD A10-5800K,AMD,3800,4200,4,4,4096,0,32,100,4122,202
358,Intel Core i7-840QM,Intel,1860,3200,4,8,1024,8192,45,45,4970,158
359,Intel Core i5-3230M,Intel,2600,3200,2,4,512,3072,22,35,4025,169
360,AMD A8-5600K,AMD,3600,3900,4,4,4096,0,32,100,4122,194
361,Intel Core i7-2620M,Intel,2700,3400,2,4,512,4096,32,35,4706,172
362,Intel Core i7-4600U,Intel,2100,3300,2,4,512,4096,22,15,3782,143
363,Intel Core i7-4650U,Intel,1700,3300,2,4,512,4096,22,15,3871,145
364,Intel Core i5-6198DU,Intel,2300,2800,2,4,512,3072,14,15,3052,169
365,Intel Core i5-6200U,Intel,2300,2800,2,4,512,3072,14,15,3052,170
366,Intel Core i3-7130U,Intel,2700,0,2,4,512,3072,14,15,2382,172
367,Intel Core i3-6100H,Intel,2700,0,2,4,512,3072,14,35,3052,172
368,Intel Core i5-5300U,Intel,2300,2900,2,4,512,3072,14,15,3291,164
369,AMD A8-3850,AMD,2900,0,4,4,4096,0,32,100,4576,181
370,Intel Core i7-4510U,Intel,2000,3100,2,4,512,4096,22,15,3557,149
371,Intel Core i5-3210M,Intel,2500,3100,2,4,512,3072,22,35,4237,159
372,Intel Core i7-640M,Intel,2800,3460,2,4,512,4096,32,35,4859,147
373,Intel Core i7-820QM,Intel,1730,3060,4,8,1024,8192,45,45,5221,140
374,Intel Core 2 Extreme QX9300,Intel,2530,0,4,4,12288,0,45,45,5620,170
375,Intel Core 2 Extreme (Desktop) QX6700,Intel,2666,0,4,4,8192,0,65,130,6277,181
376,Intel Core i7-8500Y,Intel,1500,4200,2,4,512,4096,14,5,1958,136
377,Intel Core i5-2540M,Intel,2600,3300,2,4,512,3072,32,35,4706,165
378,Intel Core i7-3667U,Intel,2000,3200,2,4,512,4096,22,17,4237,161
379,Intel Core i7-4500U,Intel,1800,3000,2,4,512,4096,22,15,3871,156
380,Intel Core i7-4550U,Intel,1500,3000,2,4,512,4096,22,15,3871,154
381,Intel Core i7-7Y75,Intel,1300,3600,2,4,512,4096,14,4,2688,148
382,Intel Core i5-8210Y,Intel,1600,3600,2,4,512,4096,14,7,1897,159
383,Intel Core i7-740QM,Intel,1730,2930,4,8,1024,6144,45,45,5221,148
384,Intel Core i5-4310U,Intel,2000,3000,2,4,512,3072,22,15,3642,155
385,Intel Core i7-3537U,Intel,2000,3100,2,4,512,4096,22,17,4001,163
386,Intel Pentium G4500T,Intel,3000,0,2,2,512,4096,14,35,3052,160
387,AMD Ryzen 3 3250U,AMD,2600,3500,2,4,1024,4096,14,15,1464,179
388,AMD Ryzen 3 3200U,AMD,2600,3500,2,4,1024,4096,14,15,1829,169
389,AMD Ryzen 3 2200U,AMD,2500,3400,2,4,1024,4096,14,15,2193,151
390,AMD Athlon Gold 3150U,AMD,2400,3300,2,4,1024,4096,14,15,1463,189
391,Intel Core i5-5200U,Intel,2200,2700,2,4,512,3072,14,15,3291,150
392,Intel Core i5-5250U,Intel,1600,2700,2,4,512,3072,14,15,3291,151
393,Intel Core i5-4300U,Intel,1900,2900,2,4,512,3072,22,15,3752,144
394,Intel Core i5-2520M,Intel,2500,3200,2,4,512,3072,32,35,4706,158
395,Intel Core i5-7Y57,Intel,1200,3300,2,4,512,4096,14,4,2563,166
396,Intel Core i5-7Y54,Intel,1200,3200,2,4,512,4096,14,4,2688,128
397,Qualcomm Snapdragon 7c Gen 2,Qualcomm,2550,0,8,8,0,0,8,7,960,27
398,Intel Core i3-6100U,Intel,2300,0,2,4,512,3072,14,15,3052,144
399,AMD PRO A12-9800B,AMD,2700,3600,4,4,2048,0,28,15,2778,145
400,Intel Core i5-2450M,Intel,2500,3100,2,4,512,3072,32,35,4451,154
401,Intel Core i7-3517U,Intel,1900,3000,2,4,512,4096,22,17,4237,153
402,Intel Core i7-620M,Intel,2660,3333,2,4,512,4096,32,35,5112,135
403,Intel Core i5-580M,Intel,2666,3333,2,4,512,3072,32,35,4853,141
404,Intel Core i5-2430M,Intel,2400,3000,2,4,512,3072,32,35,4451,148
405,Intel Pentium Gold 5405U,Intel,2300,0,2,4,512,2048,14,15,1812,144
406,Intel Pentium Gold 4415U,Intel,2300,0,2,4,512,2048,14,15,2505,145
407,Intel Core i3-4000M,Intel,2400,0,2,4,512,3072,22,37,3871,138
408,Intel Core i5-2415M,Intel,2300,2900,2,4,512,3072,32,35,4706,128
409,Intel Core i5-2410M,Intel,2300,2900,2,4,512,3072,32,35,4706,143
410,Intel Core m3-7Y30,Intel,1000,2600,2,4,512,4096,14,4,2688,152
411,Intel Core i5-3437U,Intel,1900,2900,2,4,512,3072,22,17,4025,152
412,Intel Core i5-560M,Intel,2667,3200,2,4,512,3072,32,35,4878,138
413,Intel Core i7-720QM,Intel,1600,2800,4,8,1024,6144,45,45,5221,138
414,AMD A12-9700P,AMD,2500,3400,4,4,2048,0,28,15,2778,156
415,AMD FX-8800P,AMD,2100,3400,4,4,2048,0,28,0,3142,191
416,AMD Pro A12-8800B,AMD,2100,3400,4,4,2048,0,28,0,3142,122
417,Intel Core i5-4210U,Intel,1700,2700,2,4,512,3072,22,15,3557,142
418,Intel Core i5-4260U,Intel,1400,2700,2,4,512,3072,22,15,3557,143
419,Intel Core i3-3120M,Intel,2500,0,2,4,512,3072,22,35,4117,136
420,Intel Core i5-3427U,Intel,1800,2800,2,4,512,3072,22,17,4270,141
421,Intel Core m7-6Y75,Intel,1200,3100,2,4,512,4096,14,4,3052,120
422,Intel Pentium G860,Intel,3000,0,2,2,256,3072,32,65,4499,136
423,Intel Core 2 Extreme X9100,Intel,3060,0,2,2,6144,0,45,44,5656,124
424,Intel Core i5-4200U,Intel,1600,2600,2,4,512,3072,22,15,3871,135
425,Intel Core i5-4250U,Intel,1300,2600,2,4,512,3072,22,15,3871,134
426,Intel Core i5-3337U,Intel,1800,2700,2,4,512,3072,22,17,4001,140
427,Intel Pentium Gold 4417U,Intel,2300,0,2,4,1024,2048,14,15,1789,143
428,AMD A10-9600P,AMD,2400,3300,4,4,2048,0,28,15,2778,146
429,AMD PRO A8-9600B,AMD,2400,3300,4,4,2048,0,28,15,2778,130
430,Intel Core i3-3110M,Intel,2400,0,2,4,512,3072,22,35,4147,132
431,Intel Core 2 Duo T9900,Intel,3060,0,2,2,6144,0,45,35,5396,123
432,Intel Core 2 Duo T9800,Intel,2920,0,2,2,6144,0,45,35,5486,115
433,AMD FX-7600P,AMD,2700,3600,4,4,4096,0,28,35,3506,160
434,Intel Core i5-480M,Intel,2666,2933,2,4,512,3072,32,35,4784,131
435,Intel Core i5-540M,Intel,2530,3066,2,4,512,3072,32,35,5118,125
436,Intel Core i5-460M,Intel,2530,2800,2,4,512,3072,32,35,4878,130
437,Intel Core i3-5010U,Intel,2100,0,2,4,512,3072,14,15,3291,125
438,Intel Core i3-5015U,Intel,2100,0,2,4,512,3072,14,15,3206,127
439,Intel Core i3-2370M,Intel,2400,0,2,4,512,3072,32,35,4391,127
440,Intel Core i3-390M,Intel,2667,0,2,4,512,3072,32,35,4784,124
441,Intel Core i3-5005U,Intel,2000,0,2,4,512,3072,14,15,3291,119
442,Intel Core i3-2350M,Intel,2300,0,2,4,512,3072,32,35,4622,121
443,Intel Core i3-2348M,Intel,2300,0,2,4,512,3072,32,35,4025,125
444,Intel Core 2 Duo P9700,Intel,2800,0,2,2,6144,0,45,28,5396,111
445,Intel Core m5-6Y57,Intel,1100,2800,2,4,512,4096,14,4,3052,114
446,Intel Core m5-6Y54,Intel,1100,2700,2,4,512,4096,14,4,3052,130
447,AMD A10-8700P,AMD,1800,3200,4,4,2048,0,28,0,3142,132
448,AMD Pro A10-8700B,AMD,1800,3200,4,4,2048,0,28,0,3142,123
449,Intel Pentium Silver N6005,Intel,2000,3300,4,4,1536,4096,10,10,1093,249
450,Intel Pentium Silver N6000,Intel,1100,3300,4,4,1536,4096,10,6,1093,179
451,Intel Core 2 Duo T9600,Intel,2800,0,2,2,6144,0,45,35,5656,110
452,Intel Core 2 Extreme X9000,Intel,2800,0,2,2,6144,0,45,44,5843,112
453,Intel Core 2 Duo (Desktop) E6850,Intel,3000,0,2,2,4096,0,65,65,6040,117
454,Intel Core i7-4610Y,Intel,1700,2900,2,4,512,4096,22,11,3782,120
455,Intel Core i5-520M,Intel,2400,2933,2,4,512,3072,32,35,5118,120
456,Intel Core 2 Extreme (Desktop) X6800,Intel,2930,0,2,2,4096,0,65,75,6375,113
457,Intel Core i5-450M,Intel,2400,2660,2,4,512,3072,32,35,4970,123
458,Intel Core i3-380M,Intel,2533,0,2,4,512,3072,32,35,4853,119
459,Intel Core i7-2677M,Intel,1800,2900,2,4,512,4096,32,17,4579,120
460,Intel Core i3-2330M,Intel,2200,0,2,4,512,3072,32,35,4622,115
461,Intel Core i3-2328M,Intel,2200,0,2,4,512,3072,32,35,4116,119
462,Intel Core 2 Extreme X7900,Intel,2800,0,2,2,4096,0,65,44,5974,107
463,Intel Core 2 Quad (Desktop) Q6600,Intel,2400,0,4,4,8192,0,65,105,5825,159
464,Intel Core 2 Quad Q9100,Intel,2260,0,4,4,12288,0,45,45,5620,148
465,Intel Core i5-3317U,Intel,1700,2600,2,4,512,3072,22,17,4270,132
466,Intel Celeron N5095,Intel,2000,2900,4,4,1536,4096,10,15,1093,240
467,Intel Pentium Silver J5040,Intel,2000,3200,4,4,4096,0,14,10,1527,194
468,Intel Pentium Silver N5030,Intel,1100,3100,4,4,4096,0,14,6,1527,175
469,Intel Core 2 Duo P9600,Intel,2660,0,2,2,6144,0,45,25,5486,103
470,Intel Core 2 Duo T9550,Intel,2660,0,2,2,6144,0,45,35,5486,104
471,Intel Celeron J4125,Intel,2000,2700,4,4,4096,0,14,10,1527,168
472,Intel Core 2 Duo T9500,Intel,2600,0,2,2,6144,0,45,35,5843,102
473,Intel Pentium Silver N5000,Intel,1100,2700,4,4,4096,0,14,6,2220,148
474,Intel Core i5-430M,Intel,2260,2533,2,4,512,3072,32,35,5112,113
475,AMD A10-5750M,AMD,2500,3500,4,4,4096,0,32,35,3955,144
476,AMD A10-5757M,AMD,2500,3500,4,4,4096,0,32,35,3883,132
477,Intel Core i7-2637M,Intel,1700,2800,2,4,512,4096,32,17,4754,125
478,Intel Core M-5Y71,Intel,1200,2900,2,4,512,4096,14,4,3326,109
479,AMD Phenom II X2 X640 BE,AMD,3200,0,2,2,2048,0,45,45,4625,118
480,Intel Core i7-2657M,Intel,1600,2700,2,4,512,4096,32,17,4754,112
481,Intel Pentium 2020M,Intel,2400,0,2,2,512,2048,22,35,4117,107
482,Intel Core i3-4158U,Intel,2000,0,2,4,512,3072,22,28,3871,118
483,Intel Pentium 3825U,Intel,1900,0,2,4,512,2048,14,15,3207,114
484,Intel Core i3-370M,Intel,2400,0,2,4,512,3072,32,35,5112,113
485,Intel Celeron 2970M,Intel,2200,0,2,2,512,2048,22,37,3557,109
486,Intel Core i5-4300Y,Intel,1600,2300,2,4,512,3072,22,11,3782,80
487,Intel Pentium B980,Intel,2400,0,2,2,512,2048,32,35,4209,108
488,Intel Core i3-4030U,Intel,1900,0,2,4,512,3072,22,15,3557,110
489,AMD A10-4600M,AMD,2300,3200,4,4,4096,0,32,35,4256,127
490,Intel Core i3-2310M,Intel,2100,0,2,4,512,3072,32,35,4706,110
491,Intel Core i5-2557M,Intel,1700,2700,2,4,512,3072,32,17,4587,121
492,AMD A10-5745M,AMD,2100,2900,4,4,4096,0,32,25,3883,121
493,AMD A8-5550M,AMD,2100,3100,4,4,4096,0,32,35,3955,123
494,AMD A8-5557M,AMD,2100,3100,4,4,4096,0,32,35,3883,121
495,Intel Core m3-6Y30,Intel,900,2200,2,4,512,4096,14,4,3052,123
496,Intel Core M-5Y51,Intel,1100,2600,2,4,512,4096,14,4,3326,92
497,Intel Core M-5Y70,Intel,1100,2600,2,4,512,4096,14,4,3413,104
498,AMD FX-7500,AMD,2100,3300,4,4,4096,0,28,19,3506,122
499,AMD A10 Pro-7350B,AMD,2100,3300,4,4,4096,0,28,19,3506,111
500,Intel Core M-5Y31,Intel,900,2400,2,4,512,4096,14,4,3326,114
501,Intel Celeron N4120,Intel,1100,2600,4,4,4096,0,14,6,1527,152
502,AMD Phenom II X4 X920 BE,AMD,2300,0,4,4,2048,0,45,45,4990,141
503,Intel Core M-5Y10,Intel,800,2000,2,4,512,4096,14,4,3413,85
504,Intel Core 2 Quad Q9000,Intel,2000,0,4,4,6144,0,45,45,5486,126
505,Intel Core i7-2617M,Intel,1500,2600,2,4,512,4096,32,17,4754,122
506,AMD A9-9425,AMD,3100,3700,2,2,1024,0,28,15,2778,101
507,Intel Core i5-4202Y,Intel,1600,2000,2,4,512,3072,22,11,3782,89
508,Intel Core i7-640LM,Intel,2130,2933,2,4,512,4096,32,25,5118,111
509,Intel Core i7-620LM,Intel,2000,2800,2,4,512,4096,32,25,5118,103
510,Intel Core i3-3227U,Intel,1900,0,2,4,512,3072,22,17,4001,105
511,AMD A6-6400K,AMD,3900,4100,2,2,4096,0,32,65,3871,117
512,AMD A9-9410,AMD,2900,3500,2,2,1024,0,28,0,2778,107
513,Intel Core i5-4210Y,Intel,1500,1900,2,4,512,3072,22,11,3782,88
514,Intel Core i5-2467M,Intel,1600,2300,2,4,512,3072,32,17,4578,105
515,Intel Core i5-3339Y,Intel,1500,2000,2,4,512,3072,22,13,4025,107
516,Intel Core i3-4010U,Intel,1700,0,2,4,512,3072,22,15,3871,99
517,Intel Core i3-4005U,Intel,1700,0,2,4,512,3072,22,15,3782,96
518,Intel Core i3-3217U,Intel,1800,0,2,4,512,3072,22,17,4237,97
519,AMD A10-7300,AMD,1900,3200,4,4,4096,0,28,19,3506,110
520,AMD Phenom II X4 N970,AMD,2200,0,4,4,2048,0,45,35,4772,135
521,Intel Core 2 Duo (Desktop) E6700,Intel,2660,0,2,2,4096,0,65,65,6375,102
522,Intel Core 2 Duo SP9600,Intel,2530,0,2,2,6144,0,45,25,5427,95
523,Intel Core 2 Duo P9500,Intel,2530,0,2,2,6144,0,45,25,5656,100
524,Intel Core 2 Duo T9400,Intel,2530,0,2,2,6144,0,45,35,5656,100
525,Intel Pentium B970,Intel,2300,0,2,2,512,2048,32,35,4483,101
526,Intel Pentium N4200,Intel,1100,2500,4,4,2048,0,14,6,2686,116
527,AMD A8-7410,AMD,2200,2500,4,4,2048,0,28,0,3169,130
528,AMD A8-7100,AMD,1800,3000,4,4,4096,0,28,19,3506,96
529,Intel Core 2 Duo P8800,Intel,2660,0,2,2,3072,0,45,25,5396,102
530,AMD A4-5300,AMD,3400,3600,2,2,1024,0,32,65,4122,99
531,Intel Celeron J4115,Intel,1800,2500,4,4,4096,0,14,10,1527,165
532,Intel Celeron N4100,Intel,1100,2400,4,4,4096,0,14,6,2220,124
533,Intel Core 2 Duo T9300,Intel,2500,0,2,2,6144,0,45,35,5843,98
534,Intel Core i3-350M,Intel,2260,0,2,4,512,3072,32,35,5112,103
535,Intel Pentium B960,Intel,2200,0,2,2,512,2048,32,35,4483,97
536,Intel Core 2 Extreme X7800,Intel,2600,0,2,2,4096,0,65,44,6020,89
537,Intel Core 2 Duo T7800,Intel,2600,0,2,2,4096,0,65,35,5988,98
538,Intel Core 2 Duo P8700,Intel,2530,0,2,2,3072,0,45,25,5486,98
539,Intel Core i3-4012Y,Intel,1500,0,2,4,512,3072,22,11,3782,56
540,Intel Core 2 Duo SP9400,Intel,2400,0,2,2,6144,0,45,25,5620,89
541,Intel Core 2 Duo (Desktop) E6600,Intel,2400,0,2,2,4096,0,65,65,6010,88
542,AMD A8-6410,AMD,2000,2400,4,4,2048,0,28,15,3509,127
543,AMD A6-6310,AMD,1800,2400,4,4,2048,0,28,15,3542,120
544,Intel Core i3-330M,Intel,2130,0,2,4,512,3072,32,35,5112,97
545,AMD Phenom II X2 N620,AMD,2800,0,2,2,2048,0,45,35,4990,99
546,Intel Pentium B950,Intel,2100,0,2,2,512,2048,32,35,4622,93
547,AMD Athlon 64 (Desktop) FX-62,AMD,2800,0,2,2,2048,0,90,125,6431,93
548,Intel Core 2 Duo P8600,Intel,2400,0,2,2,3072,0,45,25,5656,93
549,Intel Core 2 Duo T8300,Intel,2400,0,2,2,3072,0,45,35,5843,92
550,Intel Core i5-2537M,Intel,1400,2300,2,4,512,3072,32,17,4754,105
551,Intel Core 2 Duo T7700,Intel,2400,0,2,2,4096,0,65,34,5973,88
552,AMD Phenom II X4 N950,AMD,2100,0,4,4,2048,0,45,35,4845,132
553,AMD Phenom II X4 N930,AMD,2000,0,4,4,2048,0,45,35,4990,125
554,AMD Phenom II X3 N850,AMD,2200,0,3,3,1536,0,45,35,4845,113
555,Intel Pentium 2127U,Intel,1900,0,2,2,512,2048,22,17,3844,87
556,Intel Pentium B940,Intel,2000,0,2,2,512,2048,32,35,4622,87
557,AMD A4-7210,AMD,1800,2200,4,4,2048,0,28,0,3169,118
558,Intel Pentium 3558U,Intel,1700,0,2,2,512,2048,22,15,3660,82
559,AMD A6-9225,AMD,2600,3100,2,2,1024,0,28,15,2048,92
560,AMD A6-9220,AMD,2500,2900,2,2,1024,0,28,0,2778,98
561,Intel Pentium 3556U,Intel,1700,0,2,2,512,2048,22,15,3752,83
562,Intel Pentium 2117U,Intel,1800,0,2,2,512,2048,22,17,4117,80
563,Intel Celeron 1000M,Intel,1800,0,2,2,512,2048,22,35,4005,82
564,Intel Celeron 1037U,Intel,1800,0,2,2,512,2048,22,17,4005,81
565,AMD Phenom II X3 N830,AMD,2100,0,3,3,1536,0,45,35,4990,105
566,Intel Core 2 Duo SP9300,Intel,2260,0,2,2,6144,0,45,25,5620,85
567,AMD A8-3520M,AMD,1600,2500,4,4,4096,0,32,35,4483,109
568,Intel Celeron N4505,Intel,2000,2900,2,2,1536,4096,10,10,1093,143
569,Intel Celeron J4025,Intel,2000,2900,2,2,4096,0,14,10,1527,113
570,Intel Celeron N4500,Intel,1100,2800,2,2,1536,4096,10,6,1093,88
571,Intel Celeron N4020,Intel,1100,2800,2,2,4096,0,14,6,1527,109
572,AMD A10-4655M,AMD,2000,2800,4,4,4096,0,32,25,4256,93
573,AMD A8-4500M,AMD,1900,2800,4,4,4096,0,32,35,4256,106
574,Intel Core 2 Duo P8400,Intel,2260,0,2,2,3072,0,45,25,5656,87
575,AMD Phenom II X4 P960,AMD,1800,0,4,4,2048,0,45,25,4830,110
576,AMD A6-3410MX,AMD,1600,2300,4,4,4096,0,32,45,4592,105
577,AMD A8-3500M,AMD,1500,2400,4,4,4096,0,32,35,4592,98
578,AMD A6-3420M,AMD,1500,2400,4,4,4096,0,32,35,4591,100
579,Intel Core 2 Duo P7570,Intel,2260,0,2,2,3072,0,45,25,5213,88
580,Intel Core 2 Duo P7550,Intel,2260,0,2,2,3072,0,45,25,5213,86
581,Intel Core 2 Duo T7600,Intel,2330,0,2,2,4096,0,65,34,6343,86
582,Intel Pentium P6200,Intel,2133,0,2,2,512,3072,32,35,4853,83
583,AMD A6-3400M,AMD,1400,2300,4,4,4096,0,32,35,4591,92
584,Intel Core i5-560UM,Intel,1333,2130,2,4,512,3072,32,18,4848,85
585,Intel Pentium Dual Core T4500,Intel,2300,0,2,2,1024,0,45,35,5477,81
586,Intel Core 2 Duo T7500,Intel,2200,0,2,2,4096,0,65,35,6090,81
587,AMD Athlon 64 X2 (Desktop) FX-60,AMD,2600,0,2,2,2048,0,90,110,6573,84
588,Intel Core 2 Duo P7450,Intel,2130,0,2,2,3072,0,45,25,5486,81
589,AMD Phenom II X4 P920,AMD,1600,0,4,4,2048,0,45,25,4990,90
590,Intel Core 2 Duo T7400,Intel,2160,0,2,2,4096,0,65,34,6343,79
591,Intel Core 2 Duo T6670,Intel,2200,0,2,2,2048,0,45,35,5486,79
592,Intel Core 2 Duo T6600,Intel,2200,0,2,2,2048,0,45,35,5481,83
593,AMD Turion II N530,AMD,2500,0,2,2,2048,0,45,35,4990,92
594,Intel Core 2 Duo T8100,Intel,2100,0,2,2,3072,0,45,35,5843,80
595,AMD Phenom II X3 P820,AMD,1800,0,3,3,1536,0,45,25,4990,88
596,AMD A8-4555M,AMD,1600,2400,4,4,4096,0,32,19,4117,80
597,Intel Core 2 Duo T5900,Intel,2200,0,2,2,2048,0,65,35,5578,79
598,Intel Core 2 Duo P7370,Intel,2000,0,2,2,3072,0,45,25,5486,72
599,Intel Core Duo T2700,Intel,2330,0,2,2,2048,0,65,31,6374,79
600,Intel Pentium Dual Core T4400,Intel,2200,0,2,2,1024,0,45,35,5152,81
601,Intel Pentium P6100,Intel,2000,0,2,2,512,3072,32,35,4853,78
602,Intel Celeron M P4600,Intel,2000,0,2,2,512,2048,32,35,4848,76
603,AMD A6-5350M,AMD,2900,3500,2,2,1024,0,32,35,3955,69
604,Intel Celeron N4000,Intel,1100,2600,2,2,4096,0,14,6,2220,98
605,AMD A6-5200,AMD,2000,0,4,4,2048,0,28,25,3883,117
606,Intel Celeron N3450,Intel,1100,2200,4,4,2048,0,14,6,2686,113
607,Intel Pentium N3710,Intel,1600,2560,4,4,2048,0,14,6,2839,108
608,Intel Atom x7-Z8750,Intel,1600,2560,4,4,2048,0,14,0,2839,106
609,AMD Athlon 64 X2 (Desktop) 4800+,AMD,2400,0,2,2,2048,0,90,65,6868,76
610,Intel Pentium P6000,Intel,1860,0,2,2,512,3072,32,35,5031,69
611,Intel Core 2 Duo P7350,Intel,2000,0,2,2,3072,0,45,25,5656,76
612,Intel Core 2 Duo T7300,Intel,2000,0,2,2,4096,0,65,34,6089,73
613,Intel Core 2 Duo T6570,Intel,2100,0,2,2,2048,0,45,35,5486,77
614,Intel Core 2 Duo T6500,Intel,2100,0,2,2,2048,0,45,35,5486,80
615,Intel Core 2 Duo T5850,Intel,2100,0,2,2,2048,0,65,34,5578,75
616,AMD A4-5150M,AMD,2700,3300,2,2,1024,0,32,35,3955,80
617,AMD A6-4400M,AMD,2700,3200,2,0,1024,0,32,35,4256,76
618,AMD A4-4300M,AMD,2500,3000,2,0,1024,0,32,35,4210,71
619,Intel Celeron 1017U,Intel,1600,0,2,2,512,2048,22,17,3844,72
620,Intel Pentium N3700,Intel,1600,2400,4,4,2048,0,14,6,3205,94
621,AMD Turion II P540,AMD,2400,0,2,2,2048,0,45,25,4990,88
622,AMD Turion II Ultra M600,AMD,2400,0,2,2,2048,0,45,35,5234,81
623,Intel Pentium N3520,Intel,2167,2420,4,4,2048,0,22,7,3691,101
624,AMD E2-7110,AMD,1800,0,4,4,2048,0,28,0,3169,105
625,AMD A4-6210,AMD,1800,0,4,4,2048,0,28,15,3542,105
626,Intel Atom Z3795,Intel,1590,2390,4,4,2048,0,22,0,3532,93
627,Intel Atom Z3775,Intel,1460,2390,4,4,2048,0,22,0,3509,95
628,Intel Atom Z3770,Intel,1460,2400,4,4,2048,0,22,0,3772,96
629,Intel Atom x7-E3950,Intel,1600,2000,4,4,2048,0,14,12,2647,93
630,Intel Atom x5-Z8500,Intel,1440,2240,4,4,2048,0,14,0,3235,85
631,Intel Celeron N2940,Intel,1830,2250,4,4,2048,0,22,7,3519,95
632,Intel Celeron 2955U,Intel,1400,0,2,2,512,2048,22,15,3752,63
633,Intel Celeron N3350,Intel,1100,2400,2,2,2048,0,14,6,2686,69
634,Intel Celeron 1007U,Intel,1500,0,2,2,512,2048,22,17,4005,67
635,Intel Celeron N3150,Intel,1600,2080,4,4,2048,0,14,6,3205,88
636,Intel Celeron N2930,Intel,1830,2160,4,4,2048,0,22,7,3607,96
637,Intel Pentium Dual Core T4300,Intel,2100,0,2,2,1024,0,45,35,5335,77
638,Intel Pentium N3510,Intel,2000,0,4,4,2048,0,22,7,3691,86
639,Intel Celeron Dual-Core T3500,Intel,2100,0,2,2,1024,0,45,35,4853,74
640,Intel Celeron B815,Intel,1600,0,2,2,0,2048,32,35,4452,69
641,Intel Celeron B810,Intel,1600,0,2,2,0,2048,32,35,4683,68
642,AMD Turion II P520,AMD,2300,0,2,2,2048,0,45,25,4990,79
643,Intel Celeron N2920,Intel,1860,2000,4,4,2048,0,22,7,3691,79
644,Intel Core Duo T2600,Intel,2160,0,2,2,2048,0,65,31,6578,75
645,Intel Core 2 Duo SL9400,Intel,1860,0,2,2,6144,0,45,17,5620,53
646,Intel Pentium Dual Core T3400,Intel,2160,0,2,2,1024,0,65,35,5578,75
647,Intel Core 2 Duo T6400,Intel,2000,0,2,2,2048,0,45,35,5486,75
648,Intel Core 2 Duo T5870,Intel,2000,0,2,2,2048,0,65,34,5578,68
649,Intel Core i3-3229Y,Intel,1400,0,2,4,512,3072,22,13,4025,65
650,AMD Turion X2 Ultra ZM-86,AMD,2400,0,2,2,2048,0,65,35,5697,68
651,Intel Core 2 Duo T7200,Intel,2000,0,2,2,4096,0,65,34,6374,72
652,Intel Core 2 Duo T5800,Intel,2000,0,2,2,2048,0,65,35,5578,69
653,Intel Core 2 Duo T7250,Intel,2000,0,2,2,2048,0,65,35,6004,72
654,AMD Athlon II N330,AMD,2300,0,2,2,1024,0,45,35,4990,83
655,AMD Athlon II P360,AMD,2300,0,2,2,1024,0,45,25,4772,76
656,AMD Turion II M520,AMD,2300,0,2,2,1024,0,45,35,5234,78
657,Intel Core 2 Duo T5750,Intel,2000,0,2,2,2048,0,65,34,5731,73
658,Intel Pentium Dual Core T4200,Intel,2000,0,2,2,1024,0,45,35,5486,69
659,Intel Core i3-2377M,Intel,1500,0,2,4,512,3072,32,17,4544,77
660,AMD Turion II M500,AMD,2200,0,2,2,1024,0,45,35,5234,74
661,AMD Athlon II P340,AMD,2200,0,2,2,1024,0,45,25,4845,76
662,Intel Core i3-2367M,Intel,1400,0,2,4,512,3072,32,17,4579,71
663,Intel Core i3-2365M,Intel,1400,0,2,4,512,3072,32,17,4579,70
664,Intel Core i5-470UM,Intel,1333,1867,2,4,512,3072,32,18,4848,71
665,AMD A4-5000,AMD,1500,0,4,4,2048,0,28,15,3883,88
666,Intel Celeron Dual-Core T3100,Intel,1900,0,2,2,1024,0,45,35,5243,71
667,Intel Atom x5-Z8300,Intel,1440,1840,4,4,2048,0,14,0,3235,71
668,AMD Turion X2 Ultra ZM-84,AMD,2300,0,2,2,2048,0,65,35,5697,67
669,Intel Pentium Dual Core T2410,Intel,2000,0,2,2,1024,0,65,35,5608,65
670,AMD Athlon II P320,AMD,2100,0,2,2,1024,0,45,25,4990,70
671,AMD Athlon II M320,AMD,2100,0,2,2,1024,0,45,35,5234,70
672,Intel Pentium 987,Intel,1500,0,2,2,512,2048,32,17,4239,62
673,Intel Celeron 887,Intel,1500,0,2,2,512,2048,32,17,4117,58
674,Intel Celeron B800,Intel,1500,0,2,2,512,2048,32,35,4587,64
675,Intel Core i3-2357M,Intel,1300,0,2,4,512,3072,32,17,4579,66
676,AMD A4-3300M,AMD,1900,2500,2,2,2048,0,32,35,4592,65
677,Intel Core 2 Duo T7100,Intel,1800,0,2,2,2048,0,65,34,6089,64
678,AMD A4-3305M,AMD,1900,2500,2,2,1024,0,32,35,4415,67
679,Intel Core 2 Duo T5670,Intel,1800,0,2,2,2048,0,65,35,5792,62
680,AMD Turion X2 Ultra ZM-82,AMD,2200,0,2,2,2048,0,65,35,5697,64
681,AMD Athlon 64 X2 (Desktop) 4400+,AMD,2200,0,2,2,2048,0,90,65,6868,69
682,AMD Turion X2 RM-76,AMD,2300,0,2,2,1024,0,65,35,5486,64
683,AMD A6 Pro-7050B,AMD,2200,3000,2,2,1024,0,28,17,3506,61
684,AMD E2-9000,AMD,1800,2200,2,2,1024,0,28,10,2778,65
685,AMD Turion 64 X2 TL-66,AMD,2300,0,2,2,1024,0,65,35,6115,51
686,Intel Core Duo T2500,Intel,2000,0,2,2,2048,0,65,31,6578,68
687,Intel Celeron Dual-Core T3000,Intel,1800,0,2,2,1024,0,45,35,5366,67
688,AMD Athlon X2 QL-66,AMD,2200,0,2,2,1024,0,65,35,5243,63
689,AMD Turion X2 RM-74,AMD,2200,0,2,2,1024,0,65,35,5486,65
690,AMD Turion 64 X2 TL-64,AMD,2200,0,2,2,1024,0,65,35,6115,63
691,Intel Core 2 Duo T5600,Intel,1830,0,2,2,2048,0,65,34,6374,65
692,AMD Athlon II M300,AMD,2000,0,2,2,1024,0,45,35,5234,65
693,AMD Turion X2 Ultra ZM-80,AMD,2100,0,2,2,2048,0,65,32,5698,62
694,Intel Core i5-520UM,Intel,1060,1866,2,4,512,3072,32,18,5118,62
695,Intel Celeron N2840,Intel,2160,2580,2,2,1024,0,22,7,3519,63
696,AMD Athlon X2 QL-65,AMD,2100,0,2,2,1024,0,65,35,5243,62
697,AMD Athlon X2 QL-64,AMD,2100,0,2,2,1024,0,65,35,5486,61
698,Intel Celeron N2910,Intel,1600,0,4,4,2048,0,22,7,3772,67
699,Intel Atom x5-E8000,Intel,1040,2000,4,4,2048,0,14,5,2892,72
700,AMD A6-1450,AMD,1000,1400,4,4,2048,0,28,0,3874,59
701,AMD Turion X2 RM-72,AMD,2100,0,2,2,1024,0,65,35,5486,64
702,AMD A4 Micro-6400T,AMD,1000,1600,4,4,2048,0,28,4,3542,70
703,Intel Core Duo T2450,Intel,2000,0,2,2,2048,0,65,31,6404,65
704,Intel Core 2 Duo T5550,Intel,1830,0,2,2,2048,0,65,34,5852,61
705,Intel Core Duo T2400,Intel,1830,0,2,2,2048,0,65,31,6578,62
706,Intel Celeron Dual-Core T1700,Intel,1830,0,2,2,1024,0,65,35,5511,60
707,AMD Turion 64 X2 TL-62,AMD,2100,0,2,2,1024,0,65,35,6115,61
708,Intel Pentium Dual Core T2390,Intel,1860,0,2,2,1024,0,65,35,5792,61
709,Intel Core i3-380UM,Intel,1333,0,2,4,512,3072,32,18,4848,60
710,AMD Turion X2 RM-70,AMD,2000,0,2,2,1024,0,65,31,5698,58
711,AMD Turion 64 X2 TL-60,AMD,2000,0,2,2,1024,0,90,0,6094,60
712,AMD Athlon X2 QL-60,AMD,1900,0,2,2,1024,0,65,35,5698,55
713,Intel Pentium D 820,Intel,2800,0,2,2,2048,0,90,95,6809,58
714,Intel Core 2 Duo T5500,Intel,1660,0,2,2,2048,0,65,34,6186,57
715,AMD A6-4455M,AMD,2100,2600,2,0,2048,0,32,17,4256,55
716,AMD A4-4355M,AMD,1900,2400,2,0,2048,0,32,17,4117,50
717,Intel Celeron N2820,Intel,2170,2390,2,2,1024,0,22,7,3691,58
718,Intel Celeron N3050,Intel,1600,2160,2,2,2048,0,14,6,3205,50
719,Intel Celeron N2810,Intel,2000,0,2,2,1024,0,22,7,3772,41
720,Intel Core 2 Duo T5470,Intel,1600,0,2,2,2048,0,65,35,5974,56
721,Intel Core 2 Duo T5450,Intel,1660,0,2,2,2048,0,65,34,6097,56
722,Intel Core 2 Duo SP7500,Intel,1600,0,2,2,4096,0,65,20,5838,38
723,Intel Core Duo T2250,Intel,1700,0,2,2,2048,0,65,31,6462,58
724,Intel Core Duo T2300,Intel,1660,0,2,2,2048,0,65,31,6578,56
725,Intel Pentium Dual Core T2370,Intel,1730,0,2,2,1024,0,65,35,5852,58
726,Intel Core 2 Duo T5250,Intel,1500,0,2,2,2048,0,65,34,6097,53
727,AMD Turion II Neo K685,AMD,1800,0,2,2,1024,0,45,15,4773,60
728,VIA Nano QuadCore L4700,VIA,1200,1460,4,4,4096,0,40,27,4620,68
729,Intel Core 2 Duo SU9400,Intel,1400,0,2,2,3072,0,45,10,5620,48
730,AMD Turion 64 X2 TL-58,AMD,1900,0,2,2,1024,0,65,31,6094,55
731,AMD Turion 64 X2 TL-56,AMD,1800,0,2,2,1024,0,90,0,6094,55
732,Intel Celeron Dual-Core T1600,Intel,1660,0,2,2,1024,0,65,35,5731,55
733,Intel Celeron Dual-Core T1500,Intel,1866,0,2,2,512,0,65,35,5731,57
734,Intel Pentium 977,Intel,1400,0,2,2,512,2048,32,17,4300,59
735,Intel Core i3-330UM,Intel,1200,0,2,4,512,3072,32,18,4978,53
736,Intel Pentium Dual Core T2330,Intel,1600,0,2,2,1024,0,65,35,5913,52
737,Intel Pentium Dual Core T2060,Intel,1600,0,2,2,1024,0,65,31,6462,30
738,Intel Pentium 967,Intel,1300,0,2,2,512,2048,32,17,4483,54
739,AMD Athlon 64 X2 TK-55,AMD,1800,0,2,2,512,0,65,31,6036,53
740,AMD Athlon 64 X2 TK-53,AMD,1700,0,2,2,512,0,65,31,6036,47
741,AMD Turion 64 X2 TL-52,AMD,1600,0,2,2,1024,0,90,31,6446,48
742,Intel Core 2 Duo SU7300,Intel,1300,0,2,2,3072,0,45,10,5243,47
743,AMD Turion Neo X2 L625,AMD,1600,0,2,2,1024,0,65,18,5213,46
744,Intel Pentium U5400,Intel,1200,0,2,2,512,3072,32,18,4978,45
745,Intel Pentium Dual Core T2310,Intel,1460,0,2,2,1024,0,65,35,5913,46
746,Intel Pentium Dual Core SU4100,Intel,1300,0,2,2,2048,0,45,10,5243,46
747,AMD Turion II Neo K625,AMD,1500,0,2,2,1024,0,45,15,4990,49
748,AMD Turion 64 X2 TL-50,AMD,1600,0,2,2,512,0,90,31,6446,47
749,AMD E1-2500,AMD,1400,0,2,2,1024,0,28,15,3883,40
750,AMD E1-6010,AMD,1350,0,2,2,1024,0,28,10,3542,35
751,AMD Athlon Neo X2 L335,AMD,1600,0,2,2,512,0,65,18,5213,46
752,Intel Celeron 847,Intel,1100,0,2,2,512,2048,32,17,4587,38
753,AMD Athlon II Neo K345,AMD,1400,0,2,2,1024,0,45,12,4770,44
754,Intel Atom D2700,Intel,2130,0,2,4,1024,0,32,10,4395,46
755,Intel Core 2 Duo SU9300,Intel,1200,0,2,2,3072,0,45,10,5620,40
756,Intel Core 2 Duo U7700,Intel,1330,0,2,2,2048,0,65,10,6375,41
757,Intel Core 2 Duo L7100,Intel,1200,0,2,2,4096,0,65,17,6156,38
758,Intel Celeron M 900,Intel,2200,0,1,1,1024,0,45,35,5396,39
759,AMD V-Series V140,AMD,2300,0,1,1,512,0,45,25,4845,38
760,Intel Core 2 Duo U7600,Intel,1200,0,2,2,2048,0,65,10,6375,39
761,Intel Celeron Dual-Core SU2300,Intel,1200,0,2,2,1024,0,45,10,5243,39
762,Intel Celeron M U3400,Intel,1060,0,2,2,512,2048,32,18,4978,38
763,AMD Athlon II Neo K325,AMD,1300,0,2,2,1024,0,45,12,4990,40
764,AMD E2-1800,AMD,1700,0,2,2,1024,0,40,18,4312,42
765,AMD E-450,AMD,1650,0,2,2,1024,0,40,18,4523,40
766,AMD E-350,AMD,1600,0,2,2,2048,0,40,18,4809,40
767,Intel Core Duo U2500,Intel,1200,0,2,2,2048,0,65,9,6404,35
768,Intel Core 2 Duo U7500,Intel,1060,0,2,2,2048,0,65,10,6375,33
769,Intel Celeron N2806,Intel,1580,2000,2,2,1024,0,22,4,3691,48
770,Intel Pentium M 780,Intel,2260,0,1,1,2048,0,90,27,7192,35
771,AMD Turion 64 ML-44,AMD,2400,0,1,1,1024,0,90,35,6579,36
772,Intel Pentium M 770,Intel,2130,0,1,1,2048,0,90,27,7192,26
773,Intel Pentium M 765,Intel,2100,0,1,1,2048,0,90,21,7192,32
774,Intel Pentium M 760,Intel,2000,0,1,1,2048,0,90,27,7192,30
775,AMD V-Series V120,AMD,2200,0,1,1,512,0,45,25,4990,36
776,Intel Celeron B710,Intel,1600,0,1,1,256,1536,32,35,4683,32
777,AMD Athlon X2 L310,AMD,1200,0,2,2,1024,0,65,13,5234,32
778,AMD Turion 64 ML-40,AMD,2200,0,1,1,1024,0,90,35,6775,31
779,AMD E1-1200,AMD,1400,0,2,2,1024,0,40,18,4312,33
780,AMD Turion 64 MT-40,AMD,2200,0,1,1,1024,0,90,25,6714,30
781,AMD E-300,AMD,1300,0,2,2,1024,0,32,18,4523,31
782,AMD Turion 64 MT-37,AMD,2000,0,1,1,1024,0,90,25,6734,28
783,AMD Turion 64 ML-37,AMD,2000,0,1,1,1024,0,90,35,6879,29
784,Intel Celeron M 575,Intel,2000,0,1,1,1024,0,65,31,5700,34
785,Intel Celeron M 550,Intel,2000,0,1,1,1024,0,65,30,6217,33
786,Intel Pentium M 750,Intel,1860,0,1,1,2048,0,90,27,7192,29
787,Intel Celeron M 540,Intel,1860,0,1,1,1024,0,65,30,5944,29
788,Intel Pentium M 740,Intel,1730,0,1,1,2048,0,90,27,7192,26
789,Intel Celeron M 440,Intel,1860,0,1,1,1024,0,65,27,6523,38
790,Intel Pentium M 735,Intel,1700,0,1,1,2048,0,90,21,7192,24
791,Intel Pentium M 730,Intel,1600,0,1,1,2048,0,90,27,7192,23
792,AMD Mobile Sempron SI-42,AMD,2100,0,1,1,512,0,65,25,5243,29
793,AMD Mobile Sempron SI-40,AMD,2000,0,1,1,512,0,65,25,5667,28
794,AMD Athlon II Neo K125,AMD,1700,0,1,1,1024,0,45,12,4990,26
795,AMD Turion 64 ML-34,AMD,1800,0,1,1,1024,0,90,35,6879,24
796,Intel Mobile Pentium 4 532,Intel,3060,0,1,1,1024,0,90,88,7161,33
797,Intel Atom N2800,Intel,1860,0,2,4,1024,0,32,0,4395,37
798,Intel Celeron N2805,Intel,1460,0,2,2,1024,0,22,4,3772,33
799,AMD A4-1250,AMD,1000,0,2,2,1024,0,28,9,3883,26
800,AMD E1-2100,AMD,1000,0,2,2,1024,0,28,9,3883,28
801,AMD A4-1200,AMD,1000,0,2,2,1024,0,28,3,3883,26
802,Intel Atom D525,Intel,1800,0,2,4,1024,0,45,18,4950,33
803,AMD Turion 64 MT-32,AMD,1790,0,1,1,512,0,90,25,6879,23
804,AMD Mobile Sempron 3600+,AMD,2000,0,1,1,256,0,65,25,6097,27
805,AMD Mobile Sempron 3500+,AMD,1800,0,1,1,512,0,90,25,6462,25
806,AMD Mobile Sempron 3400+,AMD,2000,0,1,1,256,0,0,62,6462,23
807,AMD Athlon Neo MV-40,AMD,1600,0,1,1,512,0,65,15,5481,20
808,Intel Atom N570,Intel,1660,0,2,4,1024,0,45,8,4697,26
809,Intel Atom N2600,Intel,1600,0,2,4,1024,0,32,3,4395,30
810,Intel Atom 330,Intel,1600,0,2,4,1024,0,45,8,5587,30
811,Intel Pentium M 725,Intel,1600,0,1,1,2048,0,90,21,7192,24
812,Intel Celeron M 530,Intel,1730,0,1,1,1024,0,65,30,6217,26
813,Intel Atom N550,Intel,1500,0,2,4,1024,0,45,8,4970,26
814,Intel Core 2 Solo SU3500,Intel,1400,0,1,1,3072,0,45,5,5396,22
815,Intel Pentium 4 P4 3.0,Intel,3000,0,1,1,512,0,130,89,8043,30
816,AMD Turion 64 ML-30,AMD,1600,0,1,1,1024,0,90,35,6879,20
817,Intel Pentium SU2700,Intel,1300,0,1,1,2048,0,45,10,5274,19
818,VIA Nano L2100,VIA,1800,0,1,1,1024,0,65,25,5670,19
819,Intel Core Solo U1500,Intel,1330,0,1,1,2048,0,65,5,6216,17
820,Intel Core 2 Solo SU3300,Intel,1200,0,1,1,3072,0,45,5,5620,18
821,AMD Athlon 64 TF-20,AMD,1600,0,1,1,512,0,65,25,5366,20
822,AMD Turion 64 ML-28,AMD,1600,0,1,1,512,0,90,35,6775,18
823,Intel Celeron M 743,Intel,1300,0,1,1,1024,0,45,10,5243,19
824,Intel Pentium 4 2.4 GHz,Intel,2400,0,1,1,512,0,130,59,7983,21
825,AMD C-70,AMD,1000,1333,2,2,1024,0,40,9,4117,28
826,AMD C-60,AMD,1000,1333,2,2,1024,0,40,9,4523,27
827,AMD C-50,AMD,1000,0,2,2,1024,0,40,9,4809,21
828,AMD E-240,AMD,1500,0,1,1,512,0,40,18,4809,15
829,Intel Celeron M 723,Intel,1200,0,1,1,1024,0,45,5,5608,18
830,Intel Atom N475,Intel,1860,0,1,2,512,0,45,6,5001,17
831,Intel Atom N470,Intel,1860,0,1,2,512,0,45,6,5053,17
832,Intel Atom N455,Intel,1660,0,1,2,512,0,45,6,5001,14
833,Intel Atom N450,Intel,1660,0,1,2,512,0,45,5,5132,15
834,Intel Atom N280,Intel,1660,0,1,2,512,0,45,2,5455,15
835,Intel Atom N270,Intel,1600,0,1,2,512,0,45,2,5792,14
836,AMD C-30,AMD,1200,0,1,1,512,0,40,9,4809,10
837,"Intel Pentium 4-M P4-M 1,7",Intel,1700,0,1,1,512,0,130,30,7981,21
838,Intel Mobile A A110,Intel,800,0,1,1,512,0,90,3,6063,7
839,VIA C7-M C7-M-1200,VIA,1200,0,1,1,128,0,90,5,6036,1
840,Intel Pentium Gold 7505,Intel,2000,3500,2,4,2560,4096,10,15,1179,222
